{
  "01-03": {
    "fecha": "Domingo 1 de Marzo",
    "versiculo": "El que muere queda absuelto de su pecado (Rom. 6:7).",
    "linkTexto": "https://wol.jw.org/es/wol/h/r4/lp-s/2026/3/1",
    "linkVideo": "jwlibrary://www.jw.org/finder?wtlocale=S&lank=pub-jwb-108_13_VIDEO"
  },
  "02-03": {
    "fecha": "Lunes 2 de marzo",
    "versiculo": "",
    "linkTexto": "https://wol.jw.org/es/wol/h/r4/lp-s/2026/3/2",
    "linkVideo": ""
  },
  "03-03": {
    "fecha": "Martes 3 de marzo",
    "versiculo": "",
    "linkTexto": "https://wol.jw.org/es/wol/h/r4/lp-s/2026/3/3",
    "linkVideo": ""
  },
  "04-03": {
    "fecha": "Miércoles 4 de marzo",
    "versiculo": "",
    "linkTexto": "https://wol.jw.org/es/wol/h/r4/lp-s/2026/3/4",
    "linkVideo": ""
  },
  "05-03": {
    "fecha": "Jueves 5 de marzo",
    "versiculo": "",
    "linkTexto": "https://wol.jw.org/es/wol/h/r4/lp-s/2026/3/5",
    "linkVideo": ""
  },
  "06-03": {
    "fecha": "Viernes 6 de marzo",
    "versiculo": "",
    "linkTexto": "https://wol.jw.org/es/wol/h/r4/lp-s/2026/3/6",
    "linkVideo": ""
  },
  "07-03": {
    "fecha": "Sábado 7 de marzo",
    "versiculo": "",
    "linkTexto": "https://wol.jw.org/es/wol/h/r4/lp-s/2026/3/7",
    "linkVideo": ""
  },
  "08-03": {
    "fecha": "Domingo 8 de marzo",
    "versiculo": "",
    "linkTexto": "https://wol.jw.org/es/wol/h/r4/lp-s/2026/3/8",
    "linkVideo": ""
  },
  "09-03": {
    "fecha": "Lunes 9 de marzo",
    "versiculo": "",
    "linkTexto": "https://wol.jw.org/es/wol/h/r4/lp-s/2026/3/9",
    "linkVideo": ""
  },
  "10-03": {
    "fecha": "Martes 10 de marzo",
    "versiculo": "",
    "linkTexto": "https://wol.jw.org/es/wol/h/r4/lp-s/2026/3/10",
    "linkVideo": ""
  },
  "11-03": {
    "fecha": "Miércoles 11 de marzo",
    "versiculo": "",
    "linkTexto": "https://wol.jw.org/es/wol/h/r4/lp-s/2026/3/11",
    "linkVideo": ""
  },
  "12-03": {
    "fecha": "Jueves 12 de marzo",
    "versiculo": "",
    "linkTexto": "https://wol.jw.org/es/wol/h/r4/lp-s/2026/3/12",
    "linkVideo": ""
  },
  "13-03": {
    "fecha": "Viernes 13 de marzo",
    "versiculo": "",
    "linkTexto": "https://wol.jw.org/es/wol/h/r4/lp-s/2026/3/13",
    "linkVideo": ""
  },
  "14-03": {
    "fecha": "Sábado 14 de marzo",
    "versiculo": "",
    "linkTexto": "https://wol.jw.org/es/wol/h/r4/lp-s/2026/3/14",
    "linkVideo": ""
  },
  "15-03": {
    "fecha": "Domingo 15 de marzo",
    "versiculo": "",
    "linkTexto": "https://wol.jw.org/es/wol/h/r4/lp-s/2026/3/15",
    "linkVideo": ""
  },
  "16-03": {
    "fecha": "Lunes 16 de marzo",
    "versiculo": "",
    "linkTexto": "https://wol.jw.org/es/wol/h/r4/lp-s/2026/3/16",
    "linkVideo": ""
  },
  "17-03": {
    "fecha": "Martes 17 de marzo",
    "versiculo": "",
    "linkTexto": "https://wol.jw.org/es/wol/h/r4/lp-s/2026/3/17",
    "linkVideo": ""
  },
  "18-03": {
    "fecha": "Miércoles 18 de marzo",
    "versiculo": "",
    "linkTexto": "https://wol.jw.org/es/wol/h/r4/lp-s/2026/3/18",
    "linkVideo": ""
  },
  "19-03": {
    "fecha": "Jueves 19 de marzo",
    "versiculo": "",
    "linkTexto": "https://wol.jw.org/es/wol/h/r4/lp-s/2026/3/19",
    "linkVideo": ""
  },
  "20-03": {
    "fecha": "Viernes 20 de marzo",
    "versiculo": "",
    "linkTexto": "https://wol.jw.org/es/wol/h/r4/lp-s/2026/3/20",
    "linkVideo": ""
  },
  "21-03": {
    "fecha": "Sábado 21 de marzo",
    "versiculo": "",
    "linkTexto": "https://wol.jw.org/es/wol/h/r4/lp-s/2026/3/21",
    "linkVideo": ""
  },
  "22-03": {
    "fecha": "Domingo 22 de marzo",
    "versiculo": "",
    "linkTexto": "https://wol.jw.org/es/wol/h/r4/lp-s/2026/3/22",
    "linkVideo": ""
  },
  "23-03": {
    "fecha": "Lunes 23 de marzo",
    "versiculo": "",
    "linkTexto": "https://wol.jw.org/es/wol/h/r4/lp-s/2026/3/23",
    "linkVideo": ""
  },
  "24-03": {
    "fecha": "Martes 24 de marzo",
    "versiculo": "",
    "linkTexto": "https://wol.jw.org/es/wol/h/r4/lp-s/2026/3/24",
    "linkVideo": ""
  },
  "25-03": {
    "fecha": "Miércoles 25 de marzo",
    "versiculo": "",
    "linkTexto": "https://wol.jw.org/es/wol/h/r4/lp-s/2026/3/25",
    "linkVideo": ""
  },
  "26-03": {
    "fecha": "Jueves 26 de marzo",
    "versiculo": "",
    "linkTexto": "https://wol.jw.org/es/wol/h/r4/lp-s/2026/3/26",
    "linkVideo": ""
  },
  "27-03": {
    "fecha": "Viernes 27 de marzo",
    "versiculo": "",
    "linkTexto": "https://wol.jw.org/es/wol/h/r4/lp-s/2026/3/27",
    "linkVideo": ""
  },
  "28-03": {
    "fecha": "Sábado 28 de marzo",
    "versiculo": "",
    "linkTexto": "https://wol.jw.org/es/wol/h/r4/lp-s/2026/3/28",
    "linkVideo": ""
  },
  "29-03": {
    "fecha": "Domingo 29 de marzo",
    "versiculo": "",
    "linkTexto": "https://wol.jw.org/es/wol/h/r4/lp-s/2026/3/29",
    "linkVideo": ""
  },
  "30-03": {
    "fecha": "Lunes 30 de marzo",
    "versiculo": "",
    "linkTexto": "https://wol.jw.org/es/wol/h/r4/lp-s/2026/3/30",
    "linkVideo": ""
  },
  "31-03": {
    "fecha": "Martes 31 de marzo",
    "versiculo": "",
    "linkTexto": "https://wol.jw.org/es/wol/h/r4/lp-s/2026/3/31",
    "linkVideo": ""
  }
}
