{
  "01-02": {
    "fecha": "Domingo 1 de febrero",
    "versiculo": "Evitar discusiones honra al hombre, pero cualquier tonto se enreda en ellas (Prov. 20:3).",
    "linkTexto": "https://wol.jw.org/es/wol/h/r4/lp-s/2026/2/1",
    "linkVideo": "jwlibrary://www.jw.org/finder?wtlocale=S&lank=pub-wcgv_13_VIDEO"
  },
  "02-02": {
    "fecha": "Lunes 2 de febrero",
    "versiculo": "Él enviará a los ángeles y reunirá a sus escogidos desde los cuatro vientos, desde el extremo de la tierra hasta el extremo del cielo (Mar. 13:27).",
    "linkTexto": "https://wol.jw.org/es/wol/h/r4/lp-s/2026/2/2",
    "linkVideo": "https://www.jw.org/finder?srcid=jwlshare&wtlocale=S&lank=pub-osg_50_VIDEO"
  },
  "03-02": {
    "fecha": "Martes 3 de febrero",
    "versiculo": "Es un regalo que por su bondad inmerecida se les esté declarando justos mediante la liberación por el rescate que pagó Cristo Jesús (Rom. 3:24).",
    "linkTexto": "https://wol.jw.org/es/wol/h/r4/lp-s/2026/2/3",
    "linkVideo": "jwlibrary://www.jw.org/finder?wtlocale=S&lank=pub-jwb_202010_12_VIDEO"
  },
  "04-02": {
    "fecha": "Miércoles 4 de febrero",
    "versiculo": "",
    "linkTexto": "https://wol.jw.org/es/wol/h/r4/lp-s/2026/2/4",
    "linkVideo": ""
  },
  "05-02": {
    "fecha": "Jueves 5 de febrero",
    "versiculo": "",
    "linkTexto": "https://wol.jw.org/es/wol/h/r4/lp-s/2026/2/5",
    "linkVideo": ""
  },
  "06-02": {
    "fecha": "Viernes 6 de febrero",
    "versiculo": "",
    "linkTexto": "https://wol.jw.org/es/wol/h/r4/lp-s/2026/2/6",
    "linkVideo": ""
  },
  "07-02": {
    "fecha": "Sábado 7 de febrero",
    "versiculo": "",
    "linkTexto": "https://wol.jw.org/es/wol/h/r4/lp-s/2026/2/7",
    "linkVideo": ""
  },
  "08-02": {
    "fecha": "Domingo 8 de febrero",
    "versiculo": "",
    "linkTexto": "https://wol.jw.org/es/wol/h/r4/lp-s/2026/2/8",
    "linkVideo": ""
  },
  "09-02": {
    "fecha": "Lunes 9 de febrero",
    "versiculo": "",
    "linkTexto": "https://wol.jw.org/es/wol/h/r4/lp-s/2026/2/9",
    "linkVideo": ""
  },
  "10-02": {
    "fecha": "Martes 10 de febrero",
    "versiculo": "",
    "linkTexto": "https://wol.jw.org/es/wol/h/r4/lp-s/2026/2/10",
    "linkVideo": ""
  },
  "11-02": {
    "fecha": "Miércoles 11 de febrero",
    "versiculo": "",
    "linkTexto": "https://wol.jw.org/es/wol/h/r4/lp-s/2026/2/11",
    "linkVideo": ""
  },
  "12-02": {
    "fecha": "Jueves 12 de febrero",
    "versiculo": "",
    "linkTexto": "https://wol.jw.org/es/wol/h/r4/lp-s/2026/2/12",
    "linkVideo": ""
  },
  "13-02": {
    "fecha": "Viernes 13 de febrero",
    "versiculo": "",
    "linkTexto": "https://wol.jw.org/es/wol/h/r4/lp-s/2026/2/13",
    "linkVideo": ""
  },
  "14-02": {
    "fecha": "Sábado 14 de febrero",
    "versiculo": "",
    "linkTexto": "https://wol.jw.org/es/wol/h/r4/lp-s/2026/2/14",
    "linkVideo": ""
  },
  "15-02": {
    "fecha": "Domingo 15 de febrero",
    "versiculo": "",
    "linkTexto": "https://wol.jw.org/es/wol/h/r4/lp-s/2026/2/15",
    "linkVideo": ""
  },
  "16-02": {
    "fecha": "Lunes 16 de febrero",
    "versiculo": "",
    "linkTexto": "https://wol.jw.org/es/wol/h/r4/lp-s/2026/2/16",
    "linkVideo": ""
  },
  "17-02": {
    "fecha": "Martes 17 de febrero",
    "versiculo": "",
    "linkTexto": "https://wol.jw.org/es/wol/h/r4/lp-s/2026/2/17",
    "linkVideo": ""
  },
  "18-02": {
    "fecha": "Miércoles 18 de febrero",
    "versiculo": "",
    "linkTexto": "https://wol.jw.org/es/wol/h/r4/lp-s/2026/2/18",
    "linkVideo": ""
  },
  "19-02": {
    "fecha": "Jueves 19 de febrero",
    "versiculo": "",
    "linkTexto": "https://wol.jw.org/es/wol/h/r4/lp-s/2026/2/19",
    "linkVideo": ""
  },
  "20-02": {
    "fecha": "Viernes 20 de febrero",
    "versiculo": "",
    "linkTexto": "https://wol.jw.org/es/wol/h/r4/lp-s/2026/2/20",
    "linkVideo": ""
  },
  "21-02": {
    "fecha": "Sábado 21 de febrero",
    "versiculo": "",
    "linkTexto": "https://wol.jw.org/es/wol/h/r4/lp-s/2026/2/21",
    "linkVideo": ""
  },
  "22-02": {
    "fecha": "Domingo 22 de febrero",
    "versiculo": "",
    "linkTexto": "https://wol.jw.org/es/wol/h/r4/lp-s/2026/2/22",
    "linkVideo": ""
  },
  "23-02": {
    "fecha": "Lunes 23 de febrero",
    "versiculo": "",
    "linkTexto": "https://wol.jw.org/es/wol/h/r4/lp-s/2026/2/23",
    "linkVideo": ""
  },
  "24-02": {
    "fecha": "Martes 24 de febrero",
    "versiculo": "",
    "linkTexto": "https://wol.jw.org/es/wol/h/r4/lp-s/2026/2/24",
    "linkVideo": ""
  },
  "25-02": {
    "fecha": "Miércoles 25 de febrero",
    "versiculo": "",
    "linkTexto": "https://wol.jw.org/es/wol/h/r4/lp-s/2026/2/25",
    "linkVideo": ""
  },
  "26-02": {
    "fecha": "Jueves 26 de febrero",
    "versiculo": "",
    "linkTexto": "https://wol.jw.org/es/wol/h/r4/lp-s/2026/2/26",
    "linkVideo": ""
  },
  "27-02": {
    "fecha": "Viernes 27 de febrero",
    "versiculo": "",
    "linkTexto": "https://wol.jw.org/es/wol/h/r4/lp-s/2026/2/27",
    "linkVideo": ""
  },
  "28-02": {
    "fecha": "Sábado 28 de febrero",
    "versiculo": "",
    "linkTexto": "https://wol.jw.org/es/wol/h/r4/lp-s/2026/2/28",
    "linkVideo": ""
  }
}
